sector,expectedTerritory,status,addressCount,detail
AB51 4,Aberdeen,PASS,161,""
AB11 7,Aberdeen,PASS,58,""
AB13 0,Aberdeen,PASS,101,""
AB15 5,Aberdeen,PASS,107,""
AB51 3,Aberdeen,PASS,154,""
AB15 9,Aberdeen,PASS,237,""
AB35 5,Aberdeen,PASS,165,""
AB10 7,Aberdeen,PASS,223,""
AB24 1,Aberdeen,PASS,94,""
AB25 3,Aberdeen,PASS,149,""
AB10 1,Aberdeen,PASS,191,""
AB15 6,Aberdeen,PASS,186,""
AB51 6,Aberdeen,PASS,49,""
AB15 7,Aberdeen,PASS,150,""
AB25 1,Aberdeen,PASS,146,""
AB11 6,Aberdeen,PASS,210,""
AB23 8,Aberdeen,PASS,340,""
AB34 4,Aberdeen,PASS,71,""
AB11 5,Aberdeen,PASS,130,""
AB24 5,Aberdeen,PASS,199,""
AB24 3,Aberdeen,PASS,183,""
AB15 4,Aberdeen,PASS,126,""
AB16 6,Aberdeen,PASS,202,""
AB22 8,Aberdeen,PASS,298,""
AB24 4,Aberdeen,PASS,170,""
AB24 2,Aberdeen,PASS,171,""
AB16 7,Aberdeen,PASS,238,""
AB16 5,Aberdeen,PASS,249,""
AB21 9,Aberdeen,PASS,332,""
AB14 0,Aberdeen,PASS,143,""
AB10 6,Aberdeen,PASS,243,""
AB31 5,Aberdeen,PASS,286,""
AB31 4,Aberdeen,PASS,258,""
AB32 7,Aberdeen,PASS,53,""
AB21 7,Aberdeen,PASS,178,""
AB25 2,Aberdeen,PASS,177,""
AB15 8,Aberdeen,PASS,305,""
AB21 0,Aberdeen,PASS,312,""
AB32 6,Aberdeen,PASS,314,""
AB51 0,Aberdeen,PASS,356,""
AB34 5,Aberdeen,PASS,203,""
EH21 7,East Lothian and Midlothian,PASS,241,""
EH22 5,East Lothian and Midlothian,PASS,228,""
EH22 4,East Lothian and Midlothian,PASS,257,""
EH32 9,East Lothian and Midlothian,PASS,277,""
EH43 6,East Lothian and Midlothian,PASS,27,""
EH40 3,East Lothian and Midlothian,PASS,68,""
EH44 6,East Lothian and Midlothian,PASS,107,""
EH33 1,East Lothian and Midlothian,PASS,185,""
EH34 5,East Lothian and Midlothian,PASS,88,""
EH24 9,East Lothian and Midlothian,PASS,79,""
EH20 9,East Lothian and Midlothian,PASS,234,""
EH39 4,East Lothian and Midlothian,PASS,221,""
EH25 9,East Lothian and Midlothian,PASS,144,""
EH26 0,East Lothian and Midlothian,PASS,253,""
EH41 3,East Lothian and Midlothian,PASS,247,""
EH32 0,East Lothian and Midlothian,FAIL,282,"Centroid falls outside ALL territory polygons (likely clipped by coverage mask)"
EH35 5,East Lothian and Midlothian,PASS,73,""
EH21 6,East Lothian and Midlothian,PASS,240,""
EH22 3,East Lothian and Midlothian,PASS,150,""
EH31 2,East Lothian and Midlothian,PASS,103,""
EH21 8,East Lothian and Midlothian,PASS,288,""
EH45 9,East Lothian and Midlothian,PASS,140,""
EH39 5,East Lothian and Midlothian,PASS,191,""
EH23 4,East Lothian and Midlothian,PASS,302,""
EH42 1,East Lothian and Midlothian,PASS,363,""
EH19 3,East Lothian and Midlothian,PASS,279,""
EH38 5,East Lothian and Midlothian,PASS,11,""
EH22 1,East Lothian and Midlothian,PASS,237,""
EH19 2,East Lothian and Midlothian,PASS,149,""
EH22 2,East Lothian and Midlothian,PASS,229,""
EH26 9,East Lothian and Midlothian,PASS,125,""
EH26 8,East Lothian and Midlothian,PASS,186,""
EH36 5,East Lothian and Midlothian,PASS,11,""
EH18 1,East Lothian and Midlothian,PASS,106,""
EH33 2,East Lothian and Midlothian,PASS,215,""
EH37 5,East Lothian and Midlothian,PASS,95,""
EH45 8,East Lothian and Midlothian,PASS,212,""
EH41 4,East Lothian and Midlothian,PASS,202,""
EH46 7,East Lothian and Midlothian,PASS,110,""
G22 7,Glasgow North,PASS,140,""
G40 4,Glasgow North,PASS,110,""
G2 1,Glasgow North,PASS,39,""
G31 1,Glasgow North,PASS,102,""
G12 8,Glasgow North,PASS,174,""
G64 3,Glasgow North,PASS,154,""
G66 2,Glasgow North,PASS,193,""
G3 7,Glasgow North,PASS,116,""
G1 1,Glasgow North,PASS,109,""
G2 4,Glasgow North,PASS,82,""
G11 5,Glasgow North,PASS,131,""
G2 5,Glasgow North,PASS,44,""
G2 6,Glasgow North,PASS,40,""
G11 7,Glasgow North,PASS,212,""
G13 3,Glasgow North,PASS,241,""
G2 8,Glasgow North,PASS,49,""
G40 1,Glasgow North,PASS,84,""
G40 3,Glasgow North,PASS,110,""
G66 4,Glasgow North,PASS,181,""
G20 7,Glasgow North,PASS,128,""
G12 9,Glasgow North,PASS,233,""
G22 5,Glasgow North,PASS,123,""
G2 2,Glasgow North,PASS,45,""
G1 5,Glasgow North,PASS,99,""
G1 4,Glasgow North,PASS,55,""
G2 7,Glasgow North,PASS,31,""
G21 2,Glasgow North,PASS,141,""
G1 3,Glasgow North,PASS,54,""
G66 8,Glasgow North,PASS,111,""
G20 6,Glasgow North,PASS,150,""
G21 4,Glasgow North,PASS,162,""
G20 0,Glasgow North,PASS,166,""
G2 3,Glasgow North,PASS,43,""
G64 1,Glasgow North,PASS,328,""
G66 1,Glasgow North,PASS,185,""
G12 0,Glasgow North,PASS,251,""
G13 1,Glasgow North,PASS,247,""
G61 3,Glasgow North,PASS,208,""
G64 2,Glasgow North,PASS,189,""
G20 8,Glasgow North,PASS,162,""
G3 6,Glasgow North,PASS,140,""
G62 8,Glasgow North,PASS,106,""
G11 6,Glasgow North,PASS,145,""
G14 0,Glasgow North,PASS,197,""
G40 2,Glasgow North,PASS,121,""
G14 9,Glasgow North,PASS,231,""
G61 1,Glasgow North,PASS,178,""
G13 2,Glasgow North,PASS,208,""
G61 4,Glasgow North,PASS,191,""
G21 1,Glasgow North,PASS,111,""
G66 7,Glasgow North,PASS,148,""
G61 2,Glasgow North,PASS,206,""
G21 3,Glasgow North,PASS,217,""
G20 9,Glasgow North,PASS,132,""
G1 2,Glasgow North,PASS,53,""
G3 8,Glasgow North,PASS,215,""
G66 3,Glasgow North,PASS,269,""
G4 9,Glasgow North,PASS,127,""
G22 6,Glasgow North,PASS,158,""
G4 0,Glasgow North,PASS,195,""
G23 5,Glasgow North,PASS,148,""
G62 7,Glasgow North,PASS,190,""
G64 4,Glasgow North,PASS,91,""
G62 6,Glasgow North,PASS,144,""
G45 9,Glasgow South,PASS,204,""
G76 9,Glasgow South,PASS,65,""
G53 5,Glasgow South,PASS,225,""
G74 1,Glasgow South,PASS,135,""
G42 0,Glasgow South,PASS,106,""
G51 3,Glasgow South,PASS,151,""
G46 6,Glasgow South,PASS,228,""
G44 3,Glasgow South,PASS,228,""
G43 2,Glasgow South,PASS,243,""
G45 0,Glasgow South,PASS,102,""
G46 8,Glasgow South,PASS,197,""
G51 2,Glasgow South,PASS,140,""
G5 0,Glasgow South,PASS,182,""
G41 5,Glasgow South,PASS,177,""
G5 9,Glasgow South,PASS,87,""
G73 2,Glasgow South,PASS,186,""
G73 3,Glasgow South,PASS,213,""
G77 6,Glasgow South,PASS,372,""
G42 7,Glasgow South,PASS,132,""
G51 4,Glasgow South,PASS,245,""
G42 8,Glasgow South,PASS,206,""
G52 2,Glasgow South,PASS,213,""
G41 2,Glasgow South,PASS,147,""
G41 3,Glasgow South,PASS,230,""
G74 3,Glasgow South,PASS,264,""
G52 1,Glasgow South,PASS,194,""
G41 4,Glasgow South,PASS,166,""
G44 5,Glasgow South,PASS,190,""
G76 7,Glasgow South,PASS,230,""
G5 8,Glasgow South,PASS,86,""
G52 4,Glasgow South,PASS,157,""
G74 2,Glasgow South,PASS,121,""
G74 4,Glasgow South,PASS,302,""
G77 5,Glasgow South,PASS,309,""
G76 8,Glasgow South,PASS,187,""
G43 1,Glasgow South,PASS,189,""
G74 5,Glasgow South,PASS,101,""
G41 1,Glasgow South,PASS,97,""
G46 7,Glasgow South,PASS,218,""
G75 8,Glasgow South,PASS,386,""
G76 0,Glasgow South,PASS,138,""
G52 3,Glasgow South,PASS,189,""
G51 1,Glasgow South,PASS,132,""
G42 9,Glasgow South,PASS,195,""
G73 1,Glasgow South,PASS,117,""
G44 4,Glasgow South,PASS,197,""
G32 6,North Lanarkshire and Glasgow East,PASS,206,""
G34 9,North Lanarkshire and Glasgow East,PASS,119,""
G33 5,North Lanarkshire and Glasgow East,PASS,111,""
ML5 3,North Lanarkshire and Glasgow East,PASS,133,""
G67 1,North Lanarkshire and Glasgow East,PASS,110,""
ML5 4,North Lanarkshire and Glasgow East,PASS,268,""
G34 0,North Lanarkshire and Glasgow East,PASS,89,""
G31 2,North Lanarkshire and Glasgow East,PASS,176,""
ML6 6,North Lanarkshire and Glasgow East,PASS,219,""
G33 2,North Lanarkshire and Glasgow East,PASS,193,""
G32 9,North Lanarkshire and Glasgow East,PASS,165,""
ML5 5,North Lanarkshire and Glasgow East,PASS,213,""
G33 6,North Lanarkshire and Glasgow East,PASS,218,""
ML5 1,North Lanarkshire and Glasgow East,PASS,160,""
G33 3,North Lanarkshire and Glasgow East,PASS,175,""
FK1 3,North Lanarkshire and Glasgow East,PASS,92,""
G33 4,North Lanarkshire and Glasgow East,PASS,181,""
G69 6,North Lanarkshire and Glasgow East,PASS,241,""
G31 4,North Lanarkshire and Glasgow East,PASS,161,""
ML5 2,North Lanarkshire and Glasgow East,PASS,236,""
G31 5,North Lanarkshire and Glasgow East,PASS,72,""
G69 0,North Lanarkshire and Glasgow East,PASS,184,""
G69 8,North Lanarkshire and Glasgow East,PASS,131,""
G68 0,North Lanarkshire and Glasgow East,PASS,145,""
ML6 7,North Lanarkshire and Glasgow East,PASS,278,""
FK6 5,North Lanarkshire and Glasgow East,PASS,179,""
G32 7,North Lanarkshire and Glasgow East,PASS,184,""
G67 2,North Lanarkshire and Glasgow East,PASS,209,""
G32 0,North Lanarkshire and Glasgow East,PASS,184,""
G31 3,North Lanarkshire and Glasgow East,PASS,141,""
G69 9,North Lanarkshire and Glasgow East,PASS,159,""
G68 9,North Lanarkshire and Glasgow East,PASS,183,""
FK1 2,North Lanarkshire and Glasgow East,PASS,199,""
ML6 0,North Lanarkshire and Glasgow East,PASS,159,""
G33 1,North Lanarkshire and Glasgow East,PASS,229,""
G66 5,North Lanarkshire and Glasgow East,PASS,143,""
G32 8,North Lanarkshire and Glasgow East,PASS,242,""
ML7 5,North Lanarkshire and Glasgow East,PASS,259,""
G67 4,North Lanarkshire and Glasgow East,PASS,165,""
G69 7,North Lanarkshire and Glasgow East,PASS,273,""
FK4 2,North Lanarkshire and Glasgow East,PASS,97,""
G67 3,North Lanarkshire and Glasgow East,PASS,117,""
ML7 4,North Lanarkshire and Glasgow East,PASS,154,""
FK4 1,North Lanarkshire and Glasgow East,PASS,242,""
ML6 9,North Lanarkshire and Glasgow East,PASS,241,""
ML2 9,North Lanarkshire and Glasgow East,PASS,176,""
G65 0,North Lanarkshire and Glasgow East,PASS,195,""
ML6 8,North Lanarkshire and Glasgow East,PASS,309,""
G65 9,North Lanarkshire and Glasgow East,PASS,207,""
PH1 2,Perthshire,PASS,240,""
PH6 2,Perthshire,PASS,115,""
PH14 9,Perthshire,PASS,70,""
DD6 9,Perthshire,PASS,150,""
PH4 1,Perthshire,PASS,33,""
PH1 4,Perthshire,PASS,192,""
KY14 7,Perthshire,PASS,166,""
KY14 6,Perthshire,PASS,109,""
KY16 0,Perthshire,PASS,164,""
DD6 8,Perthshire,PASS,205,""
PH5 2,Perthshire,PASS,43,""
PH1 5,Perthshire,PASS,223,""
PH13 9,Perthshire,PASS,184,""
KY15 4,Perthshire,PASS,214,""
PH2 8,Perthshire,PASS,149,""
PH2 6,Perthshire,PASS,270,""
PH2 9,Perthshire,PASS,242,""
DD2 5,Perthshire,PASS,260,""
PH7 4,Perthshire,PASS,127,""
PH1 1,Perthshire,PASS,237,""
PH2 7,Perthshire,PASS,287,""
PH7 3,Perthshire,PASS,235,""
PH3 1,Perthshire,PASS,247,""
PH1 3,Perthshire,PASS,328,""
PH2 0,Perthshire,PASS,244,""
TD1 1,Scottish Borders,PASS,195,""
TD1 2,Scottish Borders,PASS,234,""
TD1 3,Scottish Borders,PASS,201,""
TD2 6,Scottish Borders,PASS,106,""
TD3 6,Scottish Borders,PASS,46,""
TD4 6,Scottish Borders,PASS,109,""
TD5 7,Scottish Borders,PASS,253,""
TD5 8,Scottish Borders,PASS,197,""
TD6 0,Scottish Borders,PASS,157,""
TD6 9,Scottish Borders,PASS,227,""
TD7 4,Scottish Borders,PASS,168,""
TD7 5,Scottish Borders,PASS,127,""
TD8 6,Scottish Borders,PASS,271,""
TD9 0,Scottish Borders,PASS,218,""
TD9 7,Scottish Borders,PASS,135,""
TD9 8,Scottish Borders,PASS,217,""
TD9 9,Scottish Borders,PASS,184,""
TD10 6,Scottish Borders,PASS,42,""
TD11 3,Scottish Borders,PASS,294,""
TD12 4,Scottish Borders,FAIL,237,"Centroid falls outside ALL territory polygons (likely clipped by coverage mask)"
TD13 5,Scottish Borders,PASS,42,""
TD14 5,Scottish Borders,PASS,258,""
KA10 6,South Ayrshire and Kilmarnock,PASS,246,""
KA8 0,South Ayrshire and Kilmarnock,PASS,196,""
KA1 3,South Ayrshire and Kilmarnock,PASS,217,""
KA7 2,South Ayrshire and Kilmarnock,PASS,204,""
KA2 0,South Ayrshire and Kilmarnock,PASS,124,""
KA8 9,South Ayrshire and Kilmarnock,PASS,226,""
KA7 3,South Ayrshire and Kilmarnock,PASS,244,""
KA3 7,South Ayrshire and Kilmarnock,PASS,228,""
KA10 7,South Ayrshire and Kilmarnock,PASS,182,""
KA1 5,South Ayrshire and Kilmarnock,PASS,216,""
KA3 1,South Ayrshire and Kilmarnock,PASS,200,""
KA1 4,South Ayrshire and Kilmarnock,PASS,191,""
KA1 2,South Ayrshire and Kilmarnock,PASS,208,""
KA9 2,South Ayrshire and Kilmarnock,PASS,246,""
KA3 5,South Ayrshire and Kilmarnock,PASS,164,""
KA4 8,South Ayrshire and Kilmarnock,PASS,171,""
KA1 1,South Ayrshire and Kilmarnock,PASS,133,""
KA8 8,South Ayrshire and Kilmarnock,PASS,115,""
KA7 1,South Ayrshire and Kilmarnock,PASS,124,""
KA6 5,South Ayrshire and Kilmarnock,PASS,113,""
KA2 9,South Ayrshire and Kilmarnock,PASS,103,""
KA3 2,South Ayrshire and Kilmarnock,PASS,247,""
KA9 1,South Ayrshire and Kilmarnock,PASS,200,""
KA16 9,South Ayrshire and Kilmarnock,PASS,111,""
KA6 6,South Ayrshire and Kilmarnock,PASS,194,""
KA3 6,South Ayrshire and Kilmarnock,PASS,173,""
KA7 4,South Ayrshire and Kilmarnock,PASS,292,""
KA5 5,South Ayrshire and Kilmarnock,PASS,210,""
FK10 1,Stirling and Falkirk,PASS,182,""
FK1 4,Stirling and Falkirk,PASS,157,""
FK3 0,Stirling and Falkirk,PASS,103,""
FK6 6,Stirling and Falkirk,PASS,169,""
FK2 7,Stirling and Falkirk,PASS,314,""
FK2 0,Stirling and Falkirk,PASS,380,""
FK8 1,Stirling and Falkirk,PASS,241,""
FK8 2,Stirling and Falkirk,PASS,151,""
FK2 8,Stirling and Falkirk,PASS,252,""
FK5 4,Stirling and Falkirk,PASS,338,""
FK7 9,Stirling and Falkirk,PASS,190,""
FK9 5,Stirling and Falkirk,PASS,177,""
FK7 8,Stirling and Falkirk,PASS,197,""
FK2 9,Stirling and Falkirk,PASS,288,""
FK1 1,Stirling and Falkirk,PASS,174,""
FK7 0,Stirling and Falkirk,PASS,165,""
FK11 7,Stirling and Falkirk,PASS,75,""
FK3 9,Stirling and Falkirk,PASS,133,""
FK1 5,Stirling and Falkirk,PASS,229,""
FK5 3,Stirling and Falkirk,PASS,122,""
FK3 8,Stirling and Falkirk,PASS,221,""
FK10 2,Stirling and Falkirk,PASS,266,""
FK16 6,Stirling and Falkirk,PASS,74,""
FK7 7,Stirling and Falkirk,PASS,269,""
FK9 4,Stirling and Falkirk,PASS,232,""
FK15 0,Stirling and Falkirk,PASS,164,""
FK15 9,Stirling and Falkirk,PASS,190,""
KY4 8,West Fife and Kinross,PASS,161,""
KY1 1,West Fife and Kinross,PASS,221,""
FK14 7,West Fife and Kinross,PASS,172,""
KY4 0,West Fife and Kinross,PASS,150,""
KY3 0,West Fife and Kinross,PASS,167,""
KY12 9,West Fife and Kinross,PASS,324,""
KY13 9,West Fife and Kinross,PASS,129,""
KY12 8,West Fife and Kinross,PASS,307,""
KY13 0,West Fife and Kinross,PASS,112,""
KY12 0,West Fife and Kinross,PASS,274,""
KY2 5,West Fife and Kinross,PASS,278,""
FK10 3,West Fife and Kinross,PASS,222,""
KY11 7,West Fife and Kinross,PASS,19,""
KY4 9,West Fife and Kinross,PASS,202,""
KY11 4,West Fife and Kinross,PASS,272,""
KY11 1,West Fife and Kinross,FAIL,170,"Centroid falls outside ALL territory polygons (likely clipped by coverage mask)"
KY11 3,West Fife and Kinross,PASS,116,""
KY11 2,West Fife and Kinross,PASS,279,""
KY3 9,West Fife and Kinross,PASS,183,""
KY5 9,West Fife and Kinross,PASS,170,""
FK12 5,West Fife and Kinross,PASS,151,""
FK13 6,West Fife and Kinross,PASS,186,""
KY5 0,West Fife and Kinross,PASS,187,""
KY5 8,West Fife and Kinross,PASS,140,""
KY12 7,West Fife and Kinross,PASS,215,""
KY11 9,West Fife and Kinross,PASS,188,""
KY13 8,West Fife and Kinross,PASS,163,""
FK10 4,West Fife and Kinross,PASS,190,""
KY11 8,West Fife and Kinross,PASS,347,""
DD5 4,Dundee and South Angus,PASS,258,""
DD2 3,Dundee and South Angus,PASS,241,""
DD2 4,Dundee and South Angus,PASS,255,""
DD3 9,Dundee and South Angus,PASS,235,""
DD1 5,Dundee and South Angus,PASS,127,""
DD3 8,Dundee and South Angus,PASS,210,""
DD11 1,Dundee and South Angus,PASS,217,""
DD4 8,Dundee and South Angus,PASS,266,""
DD1 4,Dundee and South Angus,PASS,116,""
DD1 2,Dundee and South Angus,PASS,87,""
DD1 1,Dundee and South Angus,PASS,114,""
DD5 1,Dundee and South Angus,PASS,174,""
DD3 7,Dundee and South Angus,PASS,200,""
DD4 6,Dundee and South Angus,PASS,189,""
DD3 6,Dundee and South Angus,PASS,238,""
DD4 9,Dundee and South Angus,PASS,247,""
DD2 2,Dundee and South Angus,PASS,225,""
DD2 1,Dundee and South Angus,PASS,271,""
DD8 1,Dundee and South Angus,PASS,265,""
DD4 0,Dundee and South Angus,PASS,192,""
DD4 7,Dundee and South Angus,PASS,261,""
DD5 2,Dundee and South Angus,PASS,226,""
DD1 3,Dundee and South Angus,PASS,83,""
DD7 7,Dundee and South Angus,PASS,234,""
DD7 6,Dundee and South Angus,PASS,143,""
DD11 5,Dundee and South Angus,PASS,182,""
DD3 0,Dundee and South Angus,PASS,233,""
DD11 4,Dundee and South Angus,PASS,220,""
DD8 2,Dundee and South Angus,PASS,282,""
DD11 3,Dundee and South Angus,PASS,146,""
DD11 2,Dundee and South Angus,PASS,169,""
DD5 3,Dundee and South Angus,PASS,321,""
KY6 2,East Fife,PASS,177,""
KY7 4,East Fife,PASS,214,""
KY1 2,East Fife,PASS,255,""
KY1 3,East Fife,PASS,148,""
KY6 3,East Fife,PASS,177,""
KY8 4,East Fife,PASS,233,""
KY8 2,East Fife,PASS,115,""
KY7 5,East Fife,PASS,159,""
KY8 1,East Fife,PASS,118,""
KY2 6,East Fife,PASS,343,""
KY6 1,East Fife,PASS,113,""
KY8 3,East Fife,PASS,161,""
KY8 6,East Fife,PASS,94,""
KY1 4,East Fife,PASS,182,""
KY10 2,East Fife,PASS,151,""
KY8 5,East Fife,PASS,266,""
KY10 3,East Fife,PASS,235,""
KY16 9,East Fife,PASS,273,""
KY9 1,East Fife,PASS,120,""
KY7 6,East Fife,PASS,357,""
KY15 7,East Fife,PASS,265,""
KY15 5,East Fife,PASS,279,""
KY16 8,East Fife,PASS,281,""
EH9 3,Edinburgh,PASS,110,""
EH6 8,Edinburgh,PASS,206,""
EH5 3,Edinburgh,PASS,206,""
EH6 4,Edinburgh,PASS,240,""
EH15 2,Edinburgh,PASS,196,""
EH3 6,Edinburgh,PASS,172,""
EH6 7,Edinburgh,PASS,182,""
EH10 4,Edinburgh,PASS,222,""
EH15 3,Edinburgh,PASS,204,""
EH1 3,Edinburgh,PASS,86,""
EH7 4,Edinburgh,PASS,200,""
EH8 8,Edinburgh,PASS,116,""
EH3 8,Edinburgh,PASS,90,""
EH6 5,Edinburgh,PASS,195,""
EH3 7,Edinburgh,PASS,71,""
EH2 3,Edinburgh,PASS,34,""
EH8 7,Edinburgh,PASS,232,""
EH5 1,Edinburgh,PASS,236,""
EH10 6,Edinburgh,PASS,274,""
EH8 9,Edinburgh,PASS,212,""
EH6 6,Edinburgh,PASS,192,""
EH5 2,Edinburgh,PASS,196,""
EH2 1,Edinburgh,PASS,46,""
EH2 2,Edinburgh,PASS,52,""
EH9 2,Edinburgh,PASS,172,""
EH7 5,Edinburgh,PASS,243,""
EH2 4,Edinburgh,PASS,58,""
EH1 1,Edinburgh,PASS,130,""
EH17 7,Edinburgh,PASS,217,""
EH9 1,Edinburgh,PASS,228,""
EH10 5,Edinburgh,PASS,257,""
EH16 6,Edinburgh,PASS,318,""
EH15 1,Edinburgh,PASS,220,""
EH17 8,Edinburgh,PASS,380,""
EH10 7,Edinburgh,PASS,104,""
EH16 4,Edinburgh,PASS,282,""
EH16 5,Edinburgh,PASS,274,""
EH1 2,Edinburgh,PASS,102,""
EH7 6,Edinburgh,PASS,274,""
EH3 9,Edinburgh,PASS,207,""
EH3 5,Edinburgh,PASS,167,""
EH4 7,Edinburgh West,PASS,237,""
EH14 4,Edinburgh West,PASS,19,""
EH4 8,Edinburgh West,PASS,132,""
EH11 4,Edinburgh West,PASS,192,""
EH14 3,Edinburgh West,PASS,86,""
EH14 6,Edinburgh West,PASS,16,""
EH13 0,Edinburgh West,PASS,194,""
EH4 5,Edinburgh West,PASS,204,""
EH11 2,Edinburgh West,PASS,216,""
EH4 4,Edinburgh West,PASS,245,""
EH12 5,Edinburgh West,PASS,223,""
EH4 1,Edinburgh West,PASS,180,""
EH4 6,Edinburgh West,PASS,203,""
EH12 9,Edinburgh West,PASS,136,""
EH30 9,Edinburgh West,PASS,305,""
EH14 2,Edinburgh West,PASS,219,""
EH13 9,Edinburgh West,PASS,184,""
EH12 7,Edinburgh West,PASS,269,""
EH4 2,Edinburgh West,PASS,256,""
EH11 1,Edinburgh West,PASS,263,""
EH14 5,Edinburgh West,PASS,249,""
EH14 1,Edinburgh West,PASS,257,""
EH12 6,Edinburgh West,PASS,178,""
EH12 8,Edinburgh West,PASS,310,""
EH4 3,Edinburgh West,PASS,228,""
EH11 3,Edinburgh West,PASS,277,""
EH12 0,Edinburgh West,PASS,67,""
KA12 0,Inverclyde and North Ayrshire,PASS,231,""
PA15 2,Inverclyde and North Ayrshire,PASS,149,""
KA15 2,Inverclyde and North Ayrshire,PASS,117,""
PA16 8,Inverclyde and North Ayrshire,PASS,192,""
KA11 4,Inverclyde and North Ayrshire,PASS,138,""
KA25 6,Inverclyde and North Ayrshire,PASS,113,""
PA18 6,Inverclyde and North Ayrshire,PASS,63,""
PA9 1,Inverclyde and North Ayrshire,PASS,59,""
KA20 4,Inverclyde and North Ayrshire,PASS,107,""
PA19 1,Inverclyde and North Ayrshire,PASS,283,""
KA21 6,Inverclyde and North Ayrshire,PASS,174,""
PA16 7,Inverclyde and North Ayrshire,PASS,210,""
PA12 4,Inverclyde and North Ayrshire,PASS,114,""
KA22 7,Inverclyde and North Ayrshire,PASS,158,""
KA21 5,Inverclyde and North Ayrshire,PASS,196,""
KA14 3,Inverclyde and North Ayrshire,PASS,37,""
KA11 1,Inverclyde and North Ayrshire,PASS,211,""
PA17 5,Inverclyde and North Ayrshire,PASS,72,""
PA15 4,Inverclyde and North Ayrshire,PASS,178,""
PA15 1,Inverclyde and North Ayrshire,PASS,143,""
KA12 9,Inverclyde and North Ayrshire,PASS,153,""
PA15 3,Inverclyde and North Ayrshire,PASS,82,""
PA16 0,Inverclyde and North Ayrshire,PASS,282,""
KA15 1,Inverclyde and North Ayrshire,PASS,128,""
KA22 8,Inverclyde and North Ayrshire,PASS,161,""
KA29 0,Inverclyde and North Ayrshire,PASS,66,""
KA11 5,Inverclyde and North Ayrshire,PASS,38,""
KA3 4,Inverclyde and North Ayrshire,PASS,73,""
KA12 8,Inverclyde and North Ayrshire,PASS,158,""
KA11 3,Inverclyde and North Ayrshire,PASS,37,""
KA23 9,Inverclyde and North Ayrshire,PASS,190,""
KA30 9,Inverclyde and North Ayrshire,PASS,148,""
KA25 7,Inverclyde and North Ayrshire,PASS,112,""
KA28 0,Inverclyde and North Ayrshire,PASS,72,""
KA20 3,Inverclyde and North Ayrshire,PASS,158,""
KA13 7,Inverclyde and North Ayrshire,PASS,206,""
KA11 2,Inverclyde and North Ayrshire,PASS,117,""
KA24 4,Inverclyde and North Ayrshire,PASS,119,""
KA13 6,Inverclyde and North Ayrshire,PASS,255,""
KA3 3,Inverclyde and North Ayrshire,PASS,107,""
KA30 8,Inverclyde and North Ayrshire,PASS,213,""
KA24 5,Inverclyde and North Ayrshire,PASS,106,""
PA16 9,Inverclyde and North Ayrshire,PASS,97,""
G78 2,Renfrewshire and Barrhead,PASS,231,""
PA3 1,Renfrewshire and Barrhead,PASS,103,""
PA2 9,Renfrewshire and Barrhead,PASS,175,""
PA1 3,Renfrewshire and Barrhead,PASS,179,""
PA8 7,Renfrewshire and Barrhead,PASS,118,""
PA2 6,Renfrewshire and Barrhead,PASS,228,""
G78 4,Renfrewshire and Barrhead,PASS,44,""
PA8 6,Renfrewshire and Barrhead,PASS,101,""
PA5 0,Renfrewshire and Barrhead,PASS,175,""
G78 3,Renfrewshire and Barrhead,PASS,185,""
G78 1,Renfrewshire and Barrhead,PASS,246,""
PA10 2,Renfrewshire and Barrhead,PASS,133,""
PA6 7,Renfrewshire and Barrhead,PASS,170,""
PA1 2,Renfrewshire and Barrhead,PASS,217,""
PA3 3,Renfrewshire and Barrhead,PASS,194,""
G53 7,Renfrewshire and Barrhead,PASS,336,""
PA2 7,Renfrewshire and Barrhead,PASS,209,""
PA7 5,Renfrewshire and Barrhead,PASS,260,""
PA4 9,Renfrewshire and Barrhead,PASS,112,""
PA5 9,Renfrewshire and Barrhead,PASS,181,""
PA3 2,Renfrewshire and Barrhead,PASS,151,""
PA14 6,Renfrewshire and Barrhead,PASS,191,""
PA4 8,Renfrewshire and Barrhead,PASS,270,""
PA5 8,Renfrewshire and Barrhead,PASS,237,""
PA1 1,Renfrewshire and Barrhead,PASS,211,""
PA2 8,Renfrewshire and Barrhead,PASS,223,""
PA13 4,Renfrewshire and Barrhead,PASS,206,""
PA11 3,Renfrewshire and Barrhead,PASS,206,""
G53 6,Renfrewshire and Barrhead,PASS,177,""
PA14 5,Renfrewshire and Barrhead,PASS,218,""
PA2 0,Renfrewshire and Barrhead,PASS,165,""
PA4 0,Renfrewshire and Barrhead,PASS,222,""
PA3 4,Renfrewshire and Barrhead,PASS,172,""
ML8 5,South Lanarkshire – Lanark,PASS,305,""
ML10 6,South Lanarkshire – Lanark,PASS,348,""
ML3 7,South Lanarkshire – Lanark,PASS,333,""
G75 9,South Lanarkshire – Lanark,PASS,214,""
ML8 4,South Lanarkshire – Lanark,PASS,222,""
ML3 6,South Lanarkshire – Lanark,PASS,180,""
G75 0,South Lanarkshire – Lanark,PASS,240,""
ML12 6,South Lanarkshire – Lanark,PASS,348,""
ML11 9,South Lanarkshire – Lanark,PASS,353,""
ML11 8,South Lanarkshire – Lanark,PASS,259,""
ML3 9,South Lanarkshire – Lanark,PASS,285,""
ML11 7,South Lanarkshire – Lanark,PASS,231,""
ML9 2,South Lanarkshire – Lanark,PASS,272,""
ML9 1,South Lanarkshire – Lanark,PASS,197,""
ML3 0,South Lanarkshire – Lanark,PASS,189,""
ML3 8,South Lanarkshire – Lanark,PASS,287,""
ML9 3,South Lanarkshire – Lanark,PASS,223,""
ML11 0,South Lanarkshire – Lanark,PASS,245,""
G72 7,South Lanarkshire – Hamilton,PASS,338,""
G71 5,South Lanarkshire – Hamilton,PASS,188,""
G71 6,South Lanarkshire – Hamilton,PASS,206,""
ML2 7,South Lanarkshire – Hamilton,PASS,237,""
ML4 3,South Lanarkshire – Hamilton,PASS,154,""
ML1 3,South Lanarkshire – Hamilton,PASS,315,""
ML1 2,South Lanarkshire – Hamilton,PASS,242,""
ML2 0,South Lanarkshire – Hamilton,PASS,209,""
ML4 1,South Lanarkshire – Hamilton,PASS,183,""
ML4 2,South Lanarkshire – Hamilton,PASS,233,""
G72 6,South Lanarkshire – Hamilton,PASS,63,""
G73 5,South Lanarkshire – Hamilton,PASS,163,""
G71 8,South Lanarkshire – Hamilton,PASS,244,""
G72 9,South Lanarkshire – Hamilton,PASS,273,""
G73 4,South Lanarkshire – Hamilton,PASS,196,""
G71 7,South Lanarkshire – Hamilton,PASS,270,""
ML1 1,South Lanarkshire – Hamilton,PASS,175,""
ML1 4,South Lanarkshire – Hamilton,PASS,347,""
G72 0,South Lanarkshire – Hamilton,PASS,289,""
ML2 8,South Lanarkshire – Hamilton,PASS,262,""
ML1 5,South Lanarkshire – Hamilton,PASS,316,""
G72 8,South Lanarkshire – Hamilton,PASS,319,""
PA34 5,West Dunbartonshire, Argyll & Bute and Arran,PASS,129,""
G83 0,West Dunbartonshire, Argyll & Bute and Arran,PASS,203,""
G81 1,West Dunbartonshire, Argyll & Bute and Arran,PASS,183,""
G82 1,West Dunbartonshire, Argyll & Bute and Arran,PASS,132,""
PA43 7,West Dunbartonshire, Argyll & Bute and Arran,PASS,39,""
PA41 7,West Dunbartonshire, Argyll & Bute and Arran,PASS,5,""
PA32 8,West Dunbartonshire, Argyll & Bute and Arran,PASS,57,""
PA26 8,West Dunbartonshire, Argyll & Bute and Arran,PASS,9,""
G81 5,West Dunbartonshire, Argyll & Bute and Arran,PASS,122,""
G15 8,West Dunbartonshire, Argyll & Bute and Arran,PASS,114,""
G82 4,West Dunbartonshire, Argyll & Bute and Arran,PASS,163,""
G83 9,West Dunbartonshire, Argyll & Bute and Arran,PASS,154,""
G15 7,West Dunbartonshire, Argyll & Bute and Arran,PASS,125,""
PA48 7,West Dunbartonshire, Argyll & Bute and Arran,PASS,17,""
G82 3,West Dunbartonshire, Argyll & Bute and Arran,PASS,124,""
PA49 7,West Dunbartonshire, Argyll & Bute and Arran,PASS,6,""
G82 5,West Dunbartonshire, Argyll & Bute and Arran,PASS,158,""
G81 3,West Dunbartonshire, Argyll & Bute and Arran,PASS,175,""
G60 5,West Dunbartonshire, Argyll & Bute and Arran,PASS,136,""
G15 6,West Dunbartonshire, Argyll & Bute and Arran,PASS,167,""
PA46 7,West Dunbartonshire, Argyll & Bute and Arran,PASS,13,""
PA23 7,West Dunbartonshire, Argyll & Bute and Arran,PASS,189,""
G81 6,West Dunbartonshire, Argyll & Bute and Arran,PASS,175,""
G84 9,West Dunbartonshire, Argyll & Bute and Arran,PASS,196,""
G83 7,West Dunbartonshire, Argyll & Bute and Arran,PASS,42,""
PA45 7,West Dunbartonshire, Argyll & Bute and Arran,PASS,6,""
G84 7,West Dunbartonshire, Argyll & Bute and Arran,PASS,227,""
G81 2,West Dunbartonshire, Argyll & Bute and Arran,PASS,184,""
FK18 8,West Dunbartonshire, Argyll & Bute and Arran,PASS,8,""
G13 4,West Dunbartonshire, Argyll & Bute and Arran,PASS,174,""
G84 8,West Dunbartonshire, Argyll & Bute and Arran,PASS,238,""
G81 4,West Dunbartonshire, Argyll & Bute and Arran,PASS,150,""
G84 0,West Dunbartonshire, Argyll & Bute and Arran,PASS,193,""
G82 2,West Dunbartonshire, Argyll & Bute and Arran,PASS,208,""
PA20 9,West Dunbartonshire, Argyll & Bute and Arran,PASS,122,""
PA47 7,West Dunbartonshire, Argyll & Bute and Arran,PASS,15,""
PA22 3,West Dunbartonshire, Argyll & Bute and Arran,FAIL,16,"Centroid falls outside ALL territory polygons (likely clipped by coverage mask)"
FK8 3,West Dunbartonshire, Argyll & Bute and Arran,PASS,247,""
G83 8,West Dunbartonshire, Argyll & Bute and Arran,PASS,225,""
FK17 8,West Dunbartonshire, Argyll & Bute and Arran,PASS,131,""
PA28 6,West Dunbartonshire, Argyll & Bute and Arran,PASS,226,""
PA35 1,West Dunbartonshire, Argyll & Bute and Arran,PASS,39,""
G63 0,West Dunbartonshire, Argyll & Bute and Arran,PASS,214,""
PA29 6,West Dunbartonshire, Argyll & Bute and Arran,PASS,79,""
PA44 7,West Dunbartonshire, Argyll & Bute and Arran,PASS,20,""
PA42 7,West Dunbartonshire, Argyll & Bute and Arran,PASS,57,""
PA27 8,West Dunbartonshire, Argyll & Bute and Arran,PASS,23,""
PA20 0,West Dunbartonshire, Argyll & Bute and Arran,PASS,147,""
PA24 8,West Dunbartonshire, Argyll & Bute and Arran,FAIL,15,"Centroid falls outside ALL territory polygons (likely clipped by coverage mask)"
PA21 2,West Dunbartonshire, Argyll & Bute and Arran,PASS,46,""
FK19 8,West Dunbartonshire, Argyll & Bute and Arran,PASS,28,""
G63 9,West Dunbartonshire, Argyll & Bute and Arran,PASS,189,""
PA23 8,West Dunbartonshire, Argyll & Bute and Arran,PASS,232,""
PA33 1,West Dunbartonshire, Argyll & Bute and Arran,PASS,33,""
KA27 8,West Dunbartonshire, Argyll & Bute and Arran,PASS,205,""
PA37 1,West Dunbartonshire, Argyll & Bute and Arran,PASS,102,""
PA60 7,West Dunbartonshire, Argyll & Bute and Arran,PASS,20,""
PA31 8,West Dunbartonshire, Argyll & Bute and Arran,PASS,182,""
PA34 4,West Dunbartonshire, Argyll & Bute and Arran,PASS,235,""
